No	銘柄名	保有会社	市場	コード	保有株数	平均取得単価	投資額	現在価格	損益	損益率	1株配当金	配当利回り	配当金額	購入日	売却日	実現損益	目標価格	市場・セクター	目的
2	ブロードコム	PayPay	米国	AVGO	1.02968	133.44	137.4004992	233.0399933	15383.41816	115.28%	18.4	7.90%	18.946112					
4	マーキュリアホールディングス	楽天	国内	7347	100	879	87900	762	-11700	-13.31%	22	2.89%	2200					優待のクオカード
7	トラベラーズ	楽天	米国	TRV	1	240.88	240.88	238.3000031	-386.9995422	-1.61%	4.2	1.76%	4.2					
8	フルテック	楽天	国内	6546	100	1,124	112400	1,108	-1600	-1.42%	18	1.62%	1800					クオカード
10	ソニーG	CONNECT	国内	6758	5	2715	13575	3705	4950	1.82%	80	2.16%	400					
11	プロクター・アンド・ギャンブル	PayPay	米国	PG	1.02968	133.44	137.4004992	162.8899994	4548.611306	34.09%	3.68	2.26%	3.7892224					
17	本田技研	楽天	国内	7267	2	1,635.00	3270	1,469.50	-331	-0.20%	29	1.97%	58					
18	任天堂	PayPay	国内	7974	0.3369	5937.54	2000.357226	11245	1788.083274	0.30%	50.83	0.45%	17.124627					
20	ＭＩＸＩ	SBI	国内	2121	1	2316	2316	3795	1479	0.64%	110.04	2.90%	110.04					
22	西日本旅客鉄道	楽天	国内	9021	2	3,004.00	6008	2,840.50	-327	-0.11%	115	4.05%	230		2025/06/19			
25	フェラーリ	PayPay	米国	RACE	0.0451	311.56	14.051356	503.8399963	1300.774175	4.18%	1.97	0.39%	0.088847					
26	iシェアーズMSCI米国ESGセレクト	PayPay	米国	SUSA	0.21622	84.96	18.3700512	124.8499985	1293.752321	15.23%	0	0.00%	0					
28	ファーストリテイリング	PayPay	国内	9983	0.0639	31305.75	2000.437425	49620	1170.280575	0.04%	288.6	0.58%	18.44154					
29	Direxion S&P500ブル3倍	PayPay	米国	SPXL	0.08659	96.44	8.3507396	185.9700012	1162.860421	12.06%	0	0.00%	0					
30	マイクロソフト	PayPay	米国	MSFT	0.05314	286.24	15.2107936	408.4299927	973.9764316	3.40%	3	0.73%	0.15942					
31	ロッキード・マーティン	PayPay	米国	LMT	0.08037	342.81	27.5516397	423.1900024	969.0211194	2.83%	12.6	2.98%	1.012662					
32	インテュイティブサージカル	PayPay	米国	ISRG	0.03061	392.53	12.0153433	595.5499878	932.166274	2.37%	0	0.00%	0					
33	MonotaRO	CONNECT	国内	3064	1	1885	1885	2817	932	0.49%	16	0.57%	16					
35	ＴＳＩ　ＨＤ	SBI	国内	3608	1	414	414	1280	866	2.09%	9.96	0.78%	9.96					
37	テスラ	PayPay	米国	TSLA	0.03471	192.39	6.6778569	355.8399963	851.0024059	4.42%	0	0.00%	0					
40	武田薬品	楽天	国内	4502	0	4,537.00	0	4,151.00	0	0.00%	183.96	4.43%	0		2025/07/03	-127		
41	エヌビディア	PayPay	米国	NVDA	0.05009	41.22	2.0647098	138.8500061	733.5430509	17.80%	0.164	0.12%	0.00821476					
45	西松屋チェ	CONNECT	国内	7545	1	1652	1652	2281	629	0.38%	27	1.18%	27					
50	オクタ	PayPay	米国	OKTA	0.09542	73.68	7.0305456	96.29000092	323.6169431	4.39%	0	0.00%	0					
54	VISA	PayPay	米国	V	0.02398	278.65	6.682027	353.8099976	270.3505112	0.97%	0	0.00%	0					
56	Uアローズ	CONNECT	国内	7606	1	2060	2060	2238	178	0.09%	55	2.46%	55					
59	ディーローカル	PayPay	米国	DLO	1.63229	12.74	20.7953746	13.39000034	159.1483591	12.49%	0	0.00%	0					
95	ＯＣＨＩホールディングス	楽天	国内	3166	100	1,404.00	140400	1,404.00	0	0.00%	27	1.92%	2700					優待のクオカード
101	三菱ケミカルグループ	SBI	国内	4188	0	796	0	774.5999756	0	0.00%	31.04	4.01%	0		2025/07/03	-14.6		
102	クリスパー・セラピューティクス	PayPay	米国	CRSP	0.27403	50.25	13.7700075	49.72000122	-21.78533482	-0.43%	0	0.00%	0					
103	アクセンチュア	PayPay	米国	ACN	0.08382	390.72	32.7501504	388	-34.19856	-0.09%	0	0.00%	0	2025/02/16				
104	ＳＢＳホールディングス	楽天	国内	2384	2	2,457.00	4914	2,545.00	176	0.07%	61	2.40%	122					
105	コナミ	PayPay	国内	9766	0.13613	18924.15	2576.14454	18,480	-60.4621395	0.00%	0	0.00%	0	2025/02/17				
106	旭化成	CONNECT	国内	3407	1	1100	1100	1039	-61	-0.06%	36	3.46%	36					
108	アイキューブドシステムズ	楽天	国内	4495	1	1,343.00	1343	1,475.00	132	0.10%	29.96	2.03%	29.96					
110	ジョンソン・エンド・ジョンソン	PayPay	米国	JNJ	0.03928	175.42	6.8904976	156.1499939	-113.538876	-0.65%	1.19	0.76%	0.0467432					
111	キリンHD	CONNECT	国内	2503	1	2078	2078	1941	-137	-0.07%	69	3.55%	69					
114	日本碍子	楽天	国内	5333	5	1,782.00	8910	1,903.00	605	0.34%	58.08	3.05%	290.4					
117	カプコン	PayPay	国内	9697	0.2455	4676.3	1148.03165	3825	-208.99415	-0.04%	56.96	1.49%	13.98368					
119	セイコーエプソン	楽天	国内	6724	5	2,341.00	11705	2,500.50	797.5	0.34%	68	2.72%	340					
121	西松建設	楽天	国内	1820	1	3,498.00	3498	5,000.00	1502	0.43%	161	3.22%	161					
123	カゴメ	CONNECT	国内	2811	0	3188	0	2883.5	0	0.00%	38	1.32%	0		2025/07/16	-337		
124	パロアルトネットワークス	PayPay	米国	PANW	0.09296	222.14	20.6501344	200.0299988	-308.301857	-1.39%	0	0.00%	0					
127	ＳＢＩホールディングス	楽天	国内	8473	2	2,852.00	5704	4,321.00	2938	1.03%	150.12	3.47%	300.24					
128	ＭｒＭａｘＨＤ	楽天	国内	8203	10	610	6100	682	720	1.18%	27	3.96%	270					
129	ダナハー・コーポレーション	PayPay	米国	DHR	0.13395	229.56	30.749562	206.3000031	-467.3514887	-2.04%	0.96	0.47%	0.128592					
131	ラストワンマイル	SBI	国内	9252	1	3,695	3695	3,095	-600	-0.16%	0	0.00%	0					
132	純金上場信託	楽天	国内	1540	2	7,254.50	14509	13,550.00	12591	1.74%	0	0.00%	0					
133	リンクアンドモチベーション	楽天	国内	2170	10	429	4290	574	1450	3.38%	10.4	1.81%	104					
135	日立	楽天	国内	6501	5	1,764.00	8820	4,312.00	12740	7.22%	155.48	3.61%	777.4					
136	きょくとう	楽天	国内	2300	100	486.55	48655	528	4145	8.52%	6	1.14%	600					
138	ハーモニー・ゴールド・マイニング	楽天	米国	HMY	1	10.58	10.58	11.42000008	126.0000114	11.91%	0.11	0.96%	0.11					
139	ゾエティス	PayPay	米国	ZTS	0.17708	194.32	34.4101856	157.52	-977.4816	-5.03%	1.72	1.09%	0.3045776					
140	タイワン・セミコンダクタ	楽天	米国	TSM	1	187.13	187.13	203.8999939	2515.499084	13.44%	2.32	1.14%	2.32					
141	ドラフト	楽天	国内	5070	100	545	54500	621	7600	13.94%	6	0.97%	600					優待のクオカード
142	東リ	楽天	国内	7971	100	398	39800	475	7700	19.35%	16	3.37%	1600					
143	不二サッシ	SBI	国内	5940	1	869	869	680	-189	-0.22%	0	0.00%	0					
144	グローバルX ロボット＆AI・ETF	楽天	米国	BOTZ	1	28.31	28.31	33.81999969	826.4999542	29.19%	0	0.00%	0					
145	フィグス	楽天	米国	FIGS	2	4.78	9.56	5.5	216	45.19%	0	0.00%	0					
148	日本トランスシティ	楽天	国内	9310	100	614	61400	993	37900	61.73%	6	0.60%	600					
149	クラウドフレア	楽天	米国	NET	2	129.2275	258.455	171.1600037	12579.7511	97.35%	0	0.00%	0					
150	JPモルガン・ナスダック米国株式プレミアム・インカムETF	楽天	米国	JEPQ	5	53.19	265.95	52.65	-405	-7.61%	0.4823	0.92%	2.4115	2025/03/11				
151	商船三井	SBI	国内	9104	3	5,502	16506	5,488	-42	-0.01%	72.5	1.32%		2025/03/21			配当
152	ＮＥＸＴ　ＦＵＮＤＳ　金価格連動型上場投信	SBI	国内	1328	1	10,995	10995	10,995	0	0.00%	0	0.00%					
153	インダストリアル	楽天	米国	CNH	2	13.09	26.18	13.025	-19.5	-1.49%	0.25	1.92%		2025/06/19		20.025	工業セクター強化
154	インテル	楽天	米国	INTC	1	21.4778	21.4778	21.4	-11.67	-0.54%	0	0.00%		2025/06/19		40	テクノロジーセクター強化
155	セーフィー	楽天	国内	4375	5	1,089.00	5445	1,089	0	0.00%	0	0.00%		2025/06/26		3000	置き配標準化による防犯カメラ購入の市場動向